Workbook

Sheet 1. PW 이메일 전문

Sheet 2. 라인넥스트 조건
B2: LINE NEXT → PlayWith 제안 요약
B3: SEAL M on CROSS 관련 파트너십 제안 내용 정리 | 📄 CONFIDENTIAL — 내부 검토용
B5: 📋 1. 마케팅 지원사항
B6: # | C6: 지원 항목 | D6: 유형 | E6: 비고
B7: 1 | C7: 현금 마케팅 지원 ₩ 3억원 | D7: 💰 현금 지원 | E7: 최종 조율 단계
B8: 2 | C8: 타이베이 게임쇼(Taipei Game Show) 부스 지원 | D8: 🎮 전시·이벤트 | E8: 확정
B9: 3 | C9: 마이카드 사전예약 지원 | D9: 📱 유저 모객
B10: 4 | C10: 마이카드(Mycard) 웹사이트 메인 페이지 노출 | D10: 🌐 온라인 광고
B11: 5 | C11: 오프라인 홍보 지원 (마이카드 판매 매장) | D11: 🏪 오프라인
B12: 6 | C12: 오프라인 영상 홍보 지원 (마이카드 판매 매장) | D12: 📺 오프라인
B13: 7 | C13: 팬페이지, Facebook / Instagram / LINE / 보도자료 배포 지원 | D13: 📣 미디어·SNS
B14: 8 | C14: 각종 온/오프라인 관계사 미디어 지원 | D14: 🏪 오프라인 / 📺 오프라인
B15: 💡 참고: 현금 2억원 외 나머지 항목은 Mycard/LINE NEXT 보유 채널·인프라 활용으로, 별도 현금 가치 환산이 필요합니다. 최초 이메일에서 언급된 "10억원+α"와 위 항목들로 계산시 7억원+ 이상의 마케팅 효과라고 제안한 것으로 생각 됩니다.
B17: 🔄 2. 웹샵 운영 타임라인
B18: 단계 | C18: 일자 / 시점 | D18: CROSS Shop | E18: NEXT Market
B19: 1단계 | C19: 3월 19일 (런칭) | D19: 글로벌 오픈 (일본·대만·태국 차단) | E19: 미오픈
B20: 2단계 | C20: 4월 19일 (런칭 +4주) | D20: 글로벌 (3국 제외) 변동 없음 | E20: 일본/대만/태국 독점 오픈
B21: 3단계 | C21: 6월 19일 (런칭 +3개월) | D21: 글로벌 (3국 제외) 차단 상태 유지 | E21: 글로벌 전체 확장
B23: ⚠️ 주의: 최종 구조(6/19~)에서 NEXT Market은 글로벌 전체를 커버하지만, CROSS Shop은 핵심 3국이 영구 차단된 상태로 고정됩니다. 크로스샵의 차단 해제 시점에 대한 언급이 없으며, 조건부 독점 해제 조항이 있어도 크로스샵이 해당 지역에서 열리지 않으면 실효성이 없습니다.

Sheet 3. 조건 반영 매출 시뮬레이션
B3: 2개 지역 총 매출액 합계: 약 295.5억원
B5: 구분 | C5: 동남아시아 | D5: 대만/홍콩/마카오 | E5: 기대 매출 합계 | F5: 조건값
B6: 총 매출 | C6: =C28 -> 13173968636 | D6: =J28 -> 8992510172 | E6: =C6+D6 -> 22166478808 | F6: - 10억원+@ 마케팅 비용 지원 - 넥스트마켓 수수료 10% (CROSS SHOP 7%) - 재런칭 감안해서 기존 매출의 70%로 조정한 매출
B7: 웹샵 40% 매출 | C7: =D28 -> 5269587455 | D7: =K28 -> 3597004069 | E7: =C7+D7 -> 8866591523
B8: 웹샵 50% 매출 | C8: =E28 -> 6586984318 | D8: =L28 -> 4496255086 | E8: =C8+D8 -> 11083239404
B9: 점유율 40% 시나리오 | C9: =F28 -> 5.2695875e+08 | D9: =M28 -> 3.5970041e+08 | E9: =C9+D9 -> 8.8665915e+08
B10: 점유율 50% 시나리오 | C10: =G28 -> 6.5869843e+08 | D10: =N28 -> 4.4962551e+08 | E10: =C10+D10 -> 1108323940
B12: 동남아시아 씰M - 월별 매출 및 웹샵 수익 분석 | I12: 대만/홍콩/마카오 씰M - 월별 매출 및 웹샵 수익 분석
B14: 월 | C14: 총 매출액 (KRW) | D14: 웹샵 점유율 40% | E14: 웹샵 점유율 40% | F14: 40% 기준 기대 매출 | G14: 50% 기준 기대 매출 | I14: 월 | J14: 총 매출액 (KRW) | K14: 웹샵 점유율 40% | L14: 웹샵 점유율 50% | M14: 40% 기준 기대 매출 | N14: 50% 기준 기대 매출
B15: 46082 | C15: ='4. 기존 버전 실 매출데이터'!C6*75% -> 3998417165 | D15: =C15*40% -> 1599366866 | E15: =C15*50% -> 1999208582 | F15: =D15*10% -> 1.5993669e+08 | G15: =E15*10% -> 1.9992086e+08 | I15: 46082 | J15: ='4. 기존 버전 실 매출데이터'!K6*75% -> 1876270309 | K15: =J15*40% -> 7.5050812e+08 | L15: =J15*50% -> 9.3813515e+08 | M15: =K15*10% -> 75050812 | N15: =L15*10% -> 93813515
B16: 46113 | C16: ='4. 기존 버전 실 매출데이터'!C7*75% -> 2904065124 | D16: =C16*40% -> 1161626050 | E16: =C16*50% -> 1452032562 | F16: =D16*10% -> 116162605 | G16: =E16*10% -> 1.4520326e+08 | I16: 46113 | J16: ='4. 기존 버전 실 매출데이터'!K7*75% -> 2553377864 | K16: =J16*40% -> 1021351145 | L16: =J16*50% -> 1276688932 | M16: =K16*10% -> 1.0213511e+08 | N16: =L16*10% -> 1.2766889e+08
B17: 46143 | C17: ='4. 기존 버전 실 매출데이터'!C8*75% -> 1662629070 | D17: =C17*40% -> 665051628 | E17: =C17*50% -> 831314535 | F17: =D17*10% -> 66505163 | G17: =E17*10% -> 83131454 | I17: 46143 | J17: ='4. 기존 버전 실 매출데이터'!K8*75% -> 1069141558 | K17: =J17*40% -> 4.2765662e+08 | L17: =J17*50% -> 5.3457078e+08 | M17: =K17*10% -> 42765662 | N17: =L17*10% -> 53457078
B18: 46174 | C18: ='4. 기존 버전 실 매출데이터'!C9*75% -> 9.6449772e+08 | D18: =C18*40% -> 3.8579909e+08 | E18: =C18*50% -> 4.8224886e+08 | F18: =D18*10% -> 38579909 | G18: =E18*10% -> 48224886 | I18: 46174 | J18: ='4. 기존 버전 실 매출데이터'!K9*75% -> 6.2907899e+08 | K18: =J18*40% -> 2.516316e+08 | L18: =J18*50% -> 3.1453949e+08 | M18: =K18*10% -> 25163160 | N18: =L18*10% -> 31453949
B19: 46204 | C19: ='4. 기존 버전 실 매출데이터'!C10*75% -> 7.4952334e+08 | D19: =C19*40% -> 2.9980933e+08 | E19: =C19*50% -> 3.7476167e+08 | F19: =D19*10% -> 29980933 | G19: =E19*10% -> 37476167 | I19: 46204 | J19: ='4. 기존 버전 실 매출데이터'!K10*75% -> 4.7347688e+08 | K19: =J19*40% -> 1.8939075e+08 | L19: =J19*50% -> 2.3673844e+08 | M19: =K19*10% -> 18939075 | N19: =L19*10% -> 23673844
B20: 46235 | C20: ='4. 기존 버전 실 매출데이터'!C11*75% -> 7.593424e+08 | D20: =C20*40% -> 303736959 | E20: =C20*50% -> 3.796712e+08 | F20: =D20*10% -> 30373696 | G20: =E20*10% -> 37967120 | I20: 46235 | J20: ='4. 기존 버전 실 매출데이터'!K11*75% -> 3.9165588e+08 | K20: =J20*40% -> 1.5666235e+08 | L20: =J20*50% -> 1.9582794e+08 | M20: =K20*10% -> 15666235 | N20: =L20*10% -> 19582794
B21: 46266 | C21: ='4. 기존 버전 실 매출데이터'!C12*75% -> 543770103 | D21: =C21*40% -> 2.1750804e+08 | E21: =C21*50% -> 2.7188505e+08 | F21: =D21*10% -> 21750804 | G21: =E21*10% -> 27188505 | I21: 46266 | J21: ='4. 기존 버전 실 매출데이터'!K12*75% -> 3.5586502e+08 | K21: =J21*40% -> 1.4234601e+08 | L21: =J21*50% -> 1.7793251e+08 | M21: =K21*10% -> 14234601 | N21: =L21*10% -> 17793251
B22: 46296 | C22: ='4. 기존 버전 실 매출데이터'!C13*75% -> 3.4773424e+08 | D22: =C22*40% -> 1.390937e+08 | E22: =C22*50% -> 1.7386712e+08 | F22: =D22*10% -> 13909370 | G22: =E22*10% -> 17386712 | I22: 46296 | J22: ='4. 기존 버전 실 매출데이터'!K13*75% -> 3.9496319e+08 | K22: =J22*40% -> 1.5798528e+08 | L22: =J22*50% -> 1.974816e+08 | M22: =K22*10% -> 15798528 | N22: =L22*10% -> 19748160
B23: 46327 | C23: ='4. 기존 버전 실 매출데이터'!C14*75% -> 2.2185388e+08 | D23: =C23*40% -> 88741554 | E23: =C23*50% -> 1.1092694e+08 | F23: =D23*10% -> 8874155.4 | G23: =E23*10% -> 11092694 | I23: 46327 | J23: ='4. 기존 버전 실 매출데이터'!K14*75% -> 283832352 | K23: =J23*40% -> 1.1353294e+08 | L23: =J23*50% -> 141916176 | M23: =K23*10% -> 11353294 | N23: =L23*10% -> 14191618
B24: 46357 | C24: ='4. 기존 버전 실 매출데이터'!C15*75% -> 4.5024123e+08 | D24: =C24*40% -> 1.8009649e+08 | E24: =C24*50% -> 2.2512061e+08 | F24: =D24*10% -> 18009649 | G24: =E24*10% -> 22512061 | I24: 46357 | J24: ='4. 기존 버전 실 매출데이터'!K15*75% -> 2.6183581e+08 | K24: =J24*40% -> 1.0473432e+08 | L24: =J24*50% -> 1.309179e+08 | M24: =K24*10% -> 10473432 | N24: =L24*10% -> 13091790
B25: 46388 | C25: ='4. 기존 버전 실 매출데이터'!C16*75% -> 2.0955425e+08 | D25: =C25*40% -> 83821701 | E25: =C25*50% -> 1.0477713e+08 | F25: =D25*10% -> 8382170.1 | G25: =E25*10% -> 10477713 | I25: 46388 | J25: ='4. 기존 버전 실 매출데이터'!K16*75% -> 2.9631212e+08 | K25: =J25*40% -> 1.1852485e+08 | L25: =J25*50% -> 1.4815606e+08 | M25: =K25*10% -> 11852485 | N25: =L25*10% -> 14815606
B26: 46419 | C26: ='4. 기존 버전 실 매출데이터'!C17*75% -> 1.9783557e+08 | D26: =C26*40% -> 79134228 | E26: =C26*50% -> 98917785 | F26: =D26*10% -> 7913422.8 | G26: =E26*10% -> 9891778.5 | I26: 46419 | J26: ='4. 기존 버전 실 매출데이터'!K17*75% -> 2.1637483e+08 | K26: =J26*40% -> 86549933 | L26: =J26*50% -> 1.0818742e+08 | M26: =K26*10% -> 8654993.3 | N26: =L26*10% -> 10818742
B27: 46447 | C27: ='4. 기존 버전 실 매출데이터'!C18*75% -> 1.6450454e+08 | D27: =C27*40% -> 65801817 | E27: =C27*50% -> 82252271 | F27: =D27*10% -> 6580181.7 | G27: =E27*10% -> 8225227.1 | I27: 46447 | J27: ='4. 기존 버전 실 매출데이터'!K18*75% -> 1.9032537e+08 | K27: =J27*40% -> 76130147 | L27: =J27*50% -> 95162684 | M27: =K27*10% -> 7613014.7 | N27: =L27*10% -> 9516268.4
B28: 합계 | C28: =SUM(C15:C27) -> 13173968636 | D28: =SUM(D15:D27) -> 5269587455 | E28: =SUM(E15:E27) -> 6586984318 | F28: =SUM(F15:F27) -> 5.2695875e+08 | G28: =SUM(G15:G27) -> 6.5869843e+08 | I28: 합계 | J28: =SUM(J15:J27) -> 8992510172 | K28: =SUM(K15:K27) -> 3597004069 | L28: =SUM(L15:L27) -> 4496255086 | M28: =SUM(M15:M27) -> 3.5970041e+08 | N28: =SUM(N15:N27) -> 4.4962551e+08

Sheet 4. 기존 버전 실 매출데이터
B2: 동남아시아 씰M KPI | J2: 대만/홍콩/마카오 (재런칭) 씰M KPI
B4: 월 | C4: 매출액 | D4: MAU | E4: NRU | F4: MCU | G4: P.Rate | H4: ARPPU | J4: 월 | K4: 매출액 | L4: MAU | M4: NRU | N4: MCU
B6: 45047 | C6: 5331222886 | D6: 508445 | E6: 508600 | F6: 53329 | G6: 0.0893 | H6: 117417 | J6: 45170 | K6: 2501693745 | L6: 140110 | M6: 140110 | N6: 16943
B7: 45078 | C7: 3872086832 | D7: 182649 | E7: 65257 | F7: 53663 | G7: 0.0953 | H7: 222451 | J7: 45200 | K7: 3404503818 | L7: 100923 | M7: 56171 | N7: 20461
B8: 45108 | C8: 2216838760 | D8: 113934 | E8: 31384 | F8: 16924 | G8: 0.0929 | H8: 209443 | J8: 45231 | K8: 1425522077 | L8: 77137 | M8: 36353 | N8: 25956
B9: 45139 | C9: 1285996962 | D9: 71941 | E9: 11386 | F9: 13618 | G9: 0.0894 | H9: 199952 | J9: 45261 | K9: 838771985 | L9: 42148 | M9: 8249 | N9: 29359
B10: 45170 | C10: 999364447 | D10: 57264 | E10: 8603 | F10: 11000 | G10: 0.086 | H10: 202929 | J10: 45292 | K10: 631302507 | L10: 23975 | M10: 2466 | N10: 7261
B11: 45200 | C11: 1012456530 | D11: 46114 | E11: 6692 | F11: 17141 | G11: 0.072 | H11: 304938 | J11: 45323 | K11: 522207837 | L11: 14813 | M11: 1008 | N11: 5358
B12: 45231 | C12: 725026804 | D12: 44583 | E12: 6357 | F12: 15302 | G12: 0.0653 | H12: 249041 | J12: 45352 | K12: 474486697 | L12: 14866 | M12: 1129 | N12: 4925
B13: 45261 | C13: 463645659 | D13: 44789 | E13: 8044 | F13: 9179 | G13: 0.0619 | H13: 167234 | J13: 45383 | K13: 526617591 | L13: 12723 | M13: 671 | N13: 4416
B14: 45292 | C14: 295805179 | D14: 36565 | E14: 4651 | F14: 6924 | G14: 0.0532 | H14: 152065 | J14: 45413 | K14: 378443136 | L14: 12241 | M14: 675 | N14: 3419
B15: 45323 | C15: 600321638 | D15: 31615 | E15: 3522 | F15: 5292 | G15: 0.0684 | H15: 277610 | J15: 45444 | K15: 349114409 | L15: 12765 | M15: 840 | N15: 3456
B16: 45352 | C16: 279405669 | D16: 32195 | E16: 4418 | F16: 5425 | G16: 0.0504 | H16: 172193 | J16: 45474 | K16: 395082825 | L16: 12336 | M16: 2917 | N16: 2648
B17: 45383 | C17: 263780759 | D17: 27966 | E17: 3347 | F17: 4660 | G17: 0.0497 | H17: 189783 | J17: 45505 | K17: 288499777 | L17: 6393 | M17: 495 | N17: 2183
B18: 45413 | C18: 219339390 | D18: 27879 | E18: 3694 | F18: 5647 | G18: 0.0415 | H18: 189579 | J18: 45536 | K18: 253767158 | L18: 4138 | M18: 467 | N18: 1426
