Workbook

Sheet 1) 일반적인 용역계약
B2: NFT 마켓플레이스 개발 비용 내역표 (22 Dec 2025)
B4: 구분 | C4: 적용 | D4: 상세 설명 | E4: 공증 | F4: 인원 | G4: 기간 | H4: 단가(월) | I4: 금액
B5: 웹 / 블록체인 시스템 개발 + 유지 보수
B6: 개발 | C6: 블록체인 | D6: 서버/ DB 프로그램 / 블록체인 API 연동 | E6: 특급 | F6: 1 | G6: 12 | H6: 5000000 | I6: =G6*H6 -> 60000000
C7: 백엔드 | D7: 서버/ Admin 관리툴 | E7: 고급 | F7: 1 | G7: 12 | H7: 4000000 | I7: =G7*H7 -> 48000000
C8: 프론트앤드 | D8: 웹 페이지(반응형) 및 기능 개발 | E8: 고급 | F8: 1 | G8: 12 | H8: 4000000 | I8: =G8*H8 -> 48000000
B9: QA | C9: 테스트/안정화 | D9: 기능 및 시스템 최종 검사 및 보안 | E9: 고급 | F9: 1 | G9: 10 | H9: 700000 | I9: =G9*H9 -> 7000000
D10: 서버 전개 및 안정화 테스트
B11: 재경비 | C11: 시설장비 제경비 | D11: SW / HW / 기타비용 | E11: N/A | F11: N/A | G11: 12 | H11: 1000000 | I11: =G11*H11 -> 12000000
B12: 유지 보수 | C12: 유지 보수 | D12: 네트워크 업데이트, 버전 업데이트 등 | E12: N/A | F12: N/A | G12: 6 | H12: 0 | I12: =G12*H12 -> 0
F13: 소계 | I13: =sum(I6:I12) -> 175000000
G15: NFT 마켓플레이스 개발비 합계 (VAT 포함) | I15: =I13*1.1 -> 192500000
I17: * 유지보수 6개월은 별도 비용 청구 없음

Sheet 2)  월 별 지급 일정
B2: NFT 마켓플레이스 개발 비용 월 별 지급 일정표 (22 Dec 2025)
B4: 구분 | C4: 항목 | D4: 지급일 | E4: 지급 금액 | F4: VAT | G4: 지금 총액
B5: 용역비 | C5: 2025.12 | D5: 46015 | E5: ='청구_2025.12_완료'!I13 -> 43000000 | F5: =E5*10% -> 4300000 | G5: =E5+F5 -> 47300000
B6: 용역비 | C6: 2025.01 | D6: 46034 | E6: ='청구_2026.01_완료'!I13 -> 66000000 | F6: =E6*10% -> 6600000 | G6: =E6+F6 -> 72600000
B7: 용역비 | C7: 2025.02 | D7: 46063 | E7: ='청구_2026.02'!I13 -> 48500000 | F7: =E7*10% -> 4850000 | G7: =E7+F7 -> 53350000
B8: 용역비 | C8: 2025.03 | D8: 46091 | E8: ='청구_2026.03'!I13 -> 25000000 | F8: =E8*10% -> 2500000 | G8: =E8+F8 -> 27500000
B9: 용역비 | C9: 2025.04 | D9: 46122 | E9: ='청구_2026.04'!I13 -> 16000000 | F9: =E9*10% -> 1600000 | G9: =E9+F9 -> 17600000
B10: 용역비 | C10: 2025.05 | D10: 46152 | E10: 66000000 | F10: =E10*10% -> 6600000 | G10: =E10+F10 -> 72600000
G11: =sum(G5:G10) -> 290950000
E13: NFT 마켓플레이스 개발비 합계 (VAT 포함) | G13: =G11 -> 290950000

Sheet 청구_2026.02
B2: NFT 마켓플레이스 개발 비용 청구 내역 (2026.02)
B4: 구분 | C4: 적용 | D4: 상세 설명 | E4: 공증 | F4: 인원 | G4: 기간 | H4: 단가(월) | I4: 금액
B5: 웹 / 블록체인 시스템 개발 + 유지 보수
B6: 개발 | C6: 블록체인 | D6: 서버/ DB 프로그램 / 블록체인 API 연동 | E6: 특급 | F6: 1 | G6: 1 | H6: 10000000 | I6: =G6*H6 -> 10000000
C7: 백엔드 | D7: 서버/ Admin 관리툴 | E7: 고급 | F7: 1 | G7: 1 | H7: 7500000 | I7: =H7*F7 -> 7500000
C8: 프론트앤드 | D8: 웹 페이지(반응형) 및 기능 개발 | E8: 고급 | F8: 2 | G8: 1 | H8: 6000000 | I8: =H8*F8 -> 12000000
B9: QA | C9: 테스트/안정화 | D9: 기능 및 시스템 최종 검사 및 보안 | E9: 고급 | F9: 2 | G9: 1 | H9: 5000000 | I9: =H9*G9*F9 -> 10000000
D10: 서버 전개 및 안정화 테스트
B11: 재경비 | C11: 시설장비 제경비 | D11: SW / HW / 기타비용 | E11: N/A | F11: N/A | G11: 1 | H11: 6000000 | I11: =G11*H11 -> 6000000
B12: 유지 보수 | C12: 유지 보수 | D12: 네트워크 업데이트, 버전 업데이트 등 | E12: N/A | F12: N/A | G12: 1 | H12: 3000000 | I12: =G12*H12 -> 3000000
F13: 소계 | I13: =sum(I6:I12) -> 48500000
G15: NFT 마켓플레이스 개발비 합계 (VAT 포함) | I15: =I13*1.1 -> 53350000

Sheet 청구_2026.03
B2: NFT 마켓플레이스 개발 비용 청구 내역 (2026.03)
B4: 구분 | C4: 적용 | D4: 상세 설명 | E4: 공증 | F4: 인원 | G4: 기간 | H4: 단가(월) | I4: 금액
B5: 웹 / 블록체인 시스템 개발 + 유지 보수
B6: 개발 | C6: 블록체인 | D6: 서버/ DB 프로그램 / 블록체인 API 연동 | E6: 특급 | F6: 1 | G6: 1 | H6: 5000000 | I6: =G6*H6 -> 5000000
C7: 백엔드 | D7: 서버/ Admin 관리툴 | E7: 고급 | F7: 1 | G7: 1 | H7: 5000000 | I7: =H7*F7 -> 5000000
C8: 프론트앤드 | D8: 웹 페이지(반응형) 및 기능 개발 | E8: 고급 | F8: 1 | G8: 1 | H8: 5000000 | I8: =H8*F8 -> 5000000
B9: QA | C9: 테스트/안정화 | D9: 기능 및 시스템 최종 검사 및 보안 | E9: 고급 | F9: 1 | G9: 1 | H9: 5000000 | I9: =G9*H9 -> 5000000
D10: 서버 전개 및 안정화 테스트
B11: 재경비 | C11: 시설장비 제경비 | D11: SW / HW / 기타비용 | E11: N/A | F11: N/A | G11: 1 | H11: 5000000 | I11: =G11*H11 -> 5000000
B12: 유지 보수 | C12: 유지 보수 | D12: 네트워크 업데이트, 버전 업데이트 등 | E12: N/A | F12: N/A | G12: 1 | H12: 0 | I12: =G12*H12 -> 0
F13: 소계 | I13: =sum(I6:I12) -> 25000000
G15: NFT 마켓플레이스 개발비 합계 (VAT 포함) | I15: =I13*1.1 -> 27500000

Sheet 청구_2026.04
B2: NFT 마켓플레이스 개발 비용 청구 내역 (2026.04)
B4: 구분 | C4: 적용 | D4: 상세 설명 | E4: 공증 | F4: 인원 | G4: 기간 | H4: 단가(월) | I4: 금액
B5: 웹 / 블록체인 시스템 개발 + 유지 보수
B6: 개발 | C6: 블록체인 | D6: 서버/ DB 프로그램 / 블록체인 API 연동 | E6: 특급 | F6: 1 | G6: 1 | H6: 3200000 | I6: =G6*H6 -> 3200000
C7: 백엔드 | D7: 서버/ Admin 관리툴 | E7: 고급 | F7: 1 | G7: 1 | H7: 3200000 | I7: =H7*F7 -> 3200000
C8: 프론트앤드 | D8: 웹 페이지(반응형) 및 기능 개발 | E8: 고급 | F8: 1 | G8: 1 | H8: 3200000 | I8: =H8*F8 -> 3200000
B9: QA | C9: 테스트/안정화 | D9: 기능 및 시스템 최종 검사 및 보안 | E9: 고급 | F9: 1 | G9: 1 | H9: 3200000 | I9: =G9*H9 -> 3200000
D10: 서버 전개 및 안정화 테스트
B11: 재경비 | C11: 시설장비 제경비 | D11: SW / HW / 기타비용 | E11: N/A | F11: N/A | G11: 1 | H11: 3200000 | I11: =G11*H11 -> 3200000
B12: 유지 보수 | C12: 유지 보수 | D12: 네트워크 업데이트, 버전 업데이트 등 | E12: N/A | F12: N/A | G12: 1 | H12: 0 | I12: =G12*H12 -> 0
F13: 소계 | I13: =sum(I6:I12) -> 16000000
G15: NFT 마켓플레이스 개발비 합계 (VAT 포함) | I15: =I13*1.1 -> 17600000

Sheet 청구_2026.05
B2: NFT 마켓플레이스 개발 비용 청구 내역 (2026.05)
B4: 구분 | C4: 적용 | D4: 상세 설명 | E4: 공증 | F4: 인원 | G4: 기간 | H4: 단가(월) | I4: 금액
B5: 웹 / 블록체인 시스템 개발 + 유지 보수
B6: 개발 | C6: 블록체인 | D6: 서버/ DB 프로그램 / 블록체인 API 연동 | E6: 특급 | F6: 1 | G6: 1 | H6: 10000000 | I6: =G6*H6 -> 10000000
C7: 백엔드 | D7: 서버/ Admin 관리툴 | E7: 고급 | F7: 2 | G7: 1 | H7: 10000000 | I7: =H7*F7 -> 20000000
C8: 프론트앤드 | D8: 웹 페이지(반응형) 및 기능 개발 | E8: 고급 | F8: 2 | G8: 1 | H8: 10000000 | I8: =H8*F8 -> 20000000
B9: QA | C9: 테스트/안정화 | D9: 기능 및 시스템 최종 검사 및 보안 | E9: 고급 | F9: 1 | G9: 1 | H9: 10000000 | I9: =G9*H9 -> 10000000
D10: 서버 전개 및 안정화 테스트
B11: 재경비 | C11: 시설장비 제경비 | D11: SW / HW / 기타비용 | E11: N/A | F11: N/A | G11: 1 | H11: 6000000 | I11: =G11*H11 -> 6000000
B12: 유지 보수 | C12: 유지 보수 | D12: 네트워크 업데이트, 버전 업데이트 등 | E12: N/A | F12: N/A | G12: 1 | H12: 0 | I12: =G12*H12 -> 0
F13: 소계 | I13: =sum(I6:I12) -> 66000000
G15: NFT 마켓플레이스 개발비 합계 (VAT 포함) | I15: =I13*1.1 -> 72600000

Sheet 청구_2025.12_완료
B2: NFT 마켓플레이스 개발 비용 청구 내역 (2025.12)
B4: 구분 | C4: 적용 | D4: 상세 설명 | E4: 공증 | F4: 인원 | G4: 기간 | H4: 단가(월) | I4: 금액
B5: 웹 / 블록체인 시스템 개발 + 유지 보수
B6: 개발 | C6: 블록체인 | D6: 서버/ DB 프로그램 / 블록체인 API 연동 | E6: 특급 | F6: 1 | G6: 1 | H6: 10000000 | I6: =G6*H6 -> 10000000
C7: 백엔드 | D7: 서버/ Admin 관리툴 | E7: 고급 | F7: 1 | G7: 1 | H7: 8000000 | I7: =G7*H7 -> 8000000
C8: 프론트앤드 | D8: 웹 페이지(반응형) 및 기능 개발 | E8: 고급 | F8: 1 | G8: 1 | H8: 8000000 | I8: =G8*H8 -> 8000000
B9: QA | C9: 테스트/안정화 | D9: 기능 및 시스템 최종 검사 및 보안 | E9: 고급 | F9: 1 | G9: 1 | H9: 8000000 | I9: =G9*H9 -> 8000000
D10: 서버 전개 및 안정화 테스트
B11: 재경비 | C11: 시설장비 제경비 | D11: SW / HW / 기타비용 | E11: N/A | F11: N/A | G11: 1 | H11: 9000000 | I11: =G11*H11 -> 9000000
B12: 유지 보수 | C12: 유지 보수 | D12: 네트워크 업데이트, 버전 업데이트 등 | E12: N/A | F12: N/A | G12: 1 | H12: 0 | I12: =G12*H12 -> 0
F13: 소계 | I13: =sum(I6:I12) -> 43000000
G15: NFT 마켓플레이스 개발비 합계 (VAT 포함) | I15: =I13*1.1 -> 47300000

Sheet 청구_2026.01_완료
B2: NFT 마켓플레이스 개발 비용 청구 내역 (2026.01)
B4: 구분 | C4: 적용 | D4: 상세 설명 | E4: 공증 | F4: 인원 | G4: 기간 | H4: 단가(월) | I4: 금액
B5: 웹 / 블록체인 시스템 개발 + 유지 보수
B6: 개발 | C6: 블록체인 | D6: 서버/ DB 프로그램 / 블록체인 API 연동 | E6: 특급 | F6: 1 | G6: 1 | H6: 15000000 | I6: =G6*H6 -> 15000000
C7: 백엔드 | D7: 서버/ Admin 관리툴 | E7: 고급 | F7: 1 | G7: 1 | H7: 15000000 | I7: =H7*F7 -> 15000000
C8: 프론트앤드 | D8: 웹 페이지(반응형) 및 기능 개발 | E8: 고급 | F8: 1 | G8: 1 | H8: 15000000 | I8: =H8*F8 -> 15000000
B9: QA | C9: 테스트/안정화 | D9: 기능 및 시스템 최종 검사 및 보안 | E9: 고급 | F9: 1 | G9: 1 | H9: 15000000 | I9: =G9*H9 -> 15000000
D10: 서버 전개 및 안정화 테스트
B11: 재경비 | C11: 시설장비 제경비 | D11: SW / HW / 기타비용 | E11: N/A | F11: N/A | G11: 1 | H11: 6000000 | I11: =G11*H11 -> 6000000
B12: 유지 보수 | C12: 유지 보수 | D12: 네트워크 업데이트, 버전 업데이트 등 | E12: N/A | F12: N/A | G12: 1 | H12: 0 | I12: =G12*H12 -> 0
F13: 소계 | I13: =sum(I6:I12) -> 66000000
G15: NFT 마켓플레이스 개발비 합계 (VAT 포함) | I15: =I13*1.1 -> 72600000
B19: NFT 마켓플레이스 개발 비용 청구 내역 (2026.01)
B21: 구분 | C21: 적용 | D21: 상세 설명 | E21: 공증 | F21: 인원 | G21: 기간 | H21: 단가(월) | I21: 금액
B22: 웹 / 블록체인 시스템 개발 + 유지 보수
B23: 개발 | C23: 블록체인 | D23: 서버/ DB 프로그램 / 블록체인 API 연동 | E23: 특급 | F23: 1 | G23: 1 | H23: 6000000 | I23: =G23*H23 -> 6000000
C24: 백엔드 | D24: 서버/ Admin 관리툴 | E24: 고급 | F24: 1 | G24: 1 | H24: 6000000 | I24: =H24*F24 -> 6000000
C25: 프론트앤드 | D25: 웹 페이지(반응형) 및 기능 개발 | E25: 고급 | F25: 1 | G25: 1 | H25: 6000000 | I25: =H25*F25 -> 6000000
B26: QA | C26: 테스트/안정화 | D26: 기능 및 시스템 최종 검사 및 보안 | E26: 고급 | F26: 1 | G26: 1 | H26: 6000000 | I26: =G26*H26 -> 6000000
D27: 서버 전개 및 안정화 테스트
B28: 재경비 | C28: 시설장비 제경비 | D28: SW / HW / 기타비용 | E28: N/A | F28: N/A | G28: 1 | H28: 6000000 | I28: =G28*H28 -> 6000000
B29: 유지 보수 | C29: 유지 보수 | D29: 네트워크 업데이트, 버전 업데이트 등 | E29: N/A | F29: N/A | G29: 1 | H29: 0 | I29: =G29*H29 -> 0
F30: 소계 | I30: =sum(I23:I29) -> 30000000
G32: NFT 마켓플레이스 개발비 합계 (VAT 포함) | I32: =I30*1.1 -> 33000000 | K32: 3300만원 나와야죠..?
K33: vat 포함 3200이에요 ? | M33: 1번 | N33: 1400
M34: 3번 | N34: 1743
K35: 각 금액 600만원으로 해서 나오면 | N35: =N33+N34 -> 3143
K36: 이쁘긴해요 | N36: 3200에 맞추면 되겠군요
K37: 그림이 | N37: 근데 그럼 부가세가 너무 못생기게 나오는데
N38: 3300만원으로 하는게 더 낫지 않나요?
K39: 총무에서 재무랑 얘기해본다고 했었어요 | N39: 아닌가?
K40: 부서끼리 소통이슈 | N40: 3300만원으로 작성해서 다시 품의 올릴게요
K49: 이렇게 올리면 될까요?
K86: 네네 !
K87: 그리고 참고로 기업은행에 잔고 5백만원 있었어요 ~
K89: 그렇그만유

Sheet 2) 프로덕트 인수 및 추가 개발
B2: itemfi.us (NFT 마켓플레이스) 개발 비용 내역표 (Apr 2025)
B4: 구분 | C4: 적용 | D4: 상세 설명 | E4: 공정율 | F4: 투입 인력 | G4: 기존 개발 기간 | H4: 투입 개발비 | I4: 금액
B5: 1) 기존 NFT 마켓플레이스 인수
B6: 프로덕트 | C6: NFT 마켓플레이스 (itemfi.us) | D6: 웹사이트 제작 완료 | E6: 0.85 | F6: 6 | G6: 6 | H6: 25000000 | I6: =G6*H6 -> 150000000
D7: EVM 기반 네트워크 및 지갑 연동 완료
D8: 프로젝트 품질/보고/리스크 관리
F9: 소계 | I9: =sum(I6) -> 150000000
B10: 구분 | C10: 적용 | D10: 상세 설명 | E10: 공증 | F10: 인원 | G10: 기간 | H10: 단가(월) | I10: 금액
B11: 2) 웹 / 블록체인 시스템 개발 + 유지 보수
B12: 기획 | C12: 컨셉/시스템 기획 | D12: 시스템 기획 / 컨텐츠 설계 / Admin 관리툴 설계 / 확장협 콘텐츠 설계 | E12: 특급 | F12: 1 | G12: 3 | H12: 6000000 | I12: =G12*H12 -> 18000000
B13: 그래픽 | C13: 2D/UI 디자인 | D13: 2D / UI/ UX 디자인 | E13: 특급 | F13: 1 | G13: 2 | H13: 5500000 | I13: =G13*H13 -> 11000000
C14: 2D/UI 디자인 | D14: 2D / UI/ UX 디자인 | E14: 고급 | F14: 1 | G14: 2 | H14: 4500000 | I14: =G14*H14 -> 9000000
B15: 개발 | C15: 블록체인 | D15: 서버/ DB 프로그램 / 블록체인 API 연동 | E15: 특급 | F15: 1 | G15: 2 | H15: 6000000 | I15: =G15*H15 -> 12000000
C16: 백엔드 | D16: 서버/ Admin 관리툴 | E16: 고급 | F16: 1 | G16: 3 | H16: 4500000 | I16: =G16*H16 -> 13500000
C17: 프론트앤드 | D17: 웹 페이지(반응형) 및 기능 개발 | E17: 고급 | F17: 1 | G17: 3 | H17: 4500000 | I17: =G17*H17 -> 13500000
B18: QA | C18: 테스트/안정화 | D18: 기능 및 시스템 최종 검사 및 보안 | E18: 고급 | F18: 1 | G18: 2 | H18: 4000000 | I18: =G18*H18 -> 8000000
D19: 서버 전개 및 안정화 테스트
B20: 재경비 | C20: 시설장비 제경비 | D20: SW / HW / 기타비용 | E20: N/A | F20: N/A | G20: 3 | H20: 500000 | I20: 1500000
B21: 유지 보수 | C21: 유지 보수 | D21: 네트워크 업데이트, 버전 업데이트 등 | E21: N/A | F21: N/A | G21: 6 | H21: 0 | I21: =G21*H21 -> 0
F22: 소계 | I22: =sum(I12:I21) -> 86500000
G24: NFT 마켓플레이스 개발비 합계 | I24: =I22+I9 -> 236500000
I26: * 유지보수 6개월은 별도 비용 청구 없음
